,A0,B0,C0
0,-5982.299100221049,-6758.2734086069195,-6298.75565870246
1,-4786.555310029005,-4854.699076778537,-5671.884668725404
2,-4920.918950702975,-5069.302293142944,-5139.79634181942
3,-6093.530919941826,-5571.880626773756,-5584.695902439269
4,-5612.909591826583,-5927.044153510559,-5121.170345050769
5,-6043.916503471446,-6276.720761118798,-5736.684120698825
6,-5826.740520870442,-6265.4489460726645,-6563.414749116449
7,-5313.876559811944,-4782.820179535614,-4990.79550119123
8,-5024.85201130159,-5883.862302250038,-5383.7907228619315
9,-4691.931834798934,-4700.261643377646,-4775.272401973818
10,-4302.954551107377,-4641.2532355181,-3903.0797023542946
11,-4546.473769761495,-4138.922437906731,-3903.9194205577196
12,-4283.480243636796,-4016.3045241402247,-3993.6781641966
13,-4017.8741250685493,-3835.6909100520325,-4150.601921278299
14,-3260.11512838504,-3301.4970982864725,-3395.303266692502
15,-3534.622731761832,-3633.1796825580177,-3221.216987033601
16,-3324.409122271381,-3480.3004488211545,-3466.5981984170326
17,-3902.923875245236,-3822.580042566335,-4213.225559504372
18,-4004.8441740370827,-3951.6442496609475,-4126.299033028076
19,-2945.1735146621486,-3021.7125809088757,-2815.2757617012276
20,-2924.0940399594347,-3559.544210398294,-2955.048406072468
21,-2838.236103286625,-2889.9959354733633,-2816.619863555242
22,-2721.910172673044,-2785.0408049880934,-2786.2290964100193
23,-2895.3987491231264,-2889.6025932983393,-2944.952442452911
24,-2827.3681751679405,-2826.496032948745,-2801.1797571272987
25,-2944.8758232942123,-2696.6348151768375,-2804.5719217642613
26,-2738.469254784931,-2739.4621752633366,-2677.856535163927
27,-2848.4698043433773,-2678.6707434163322,-2718.3550088195166
28,-2669.9371986690485,-2695.021175655397,-2647.977605040985
29,-2706.5704344445944,-2659.689146695894,-2678.836074844511
30,-2667.2956266409624,-2685.109556533015,-2640.4967345662362
31,-2704.2332640272953,-2624.6028858508935,-2683.891738890733
32,-2763.1700905701005,-2712.7694093583323,-2629.928116880926
33,-2916.846641232042,-2819.426180219189,-2738.1104125284473
34,-2671.8163382225166,-2793.664788172121,-2789.745667838238
35,-2720.127061320591,-2739.1047480816196,-2625.7153478598884
36,-2695.9435098154336,-2639.051656603612,-2597.8604449908703
37,-2818.1469864700553,-2742.20692731145,-2753.008449293386
38,-2824.8892175988076,-2875.716394168554,-2865.5517899876636
39,-2872.490434783854,-2977.956387102443,-2834.223029765293
40,-2823.4947269524964,-2773.56049984781,-2811.617753213894
41,-2914.391492282678,-2825.766277087738,-2901.4175865412644
42,-2698.1648733159445,-3035.293469350344,-2861.577440989347
43,-2672.114918974851,-2748.9424152119514,-2682.9675224908947
44,-2729.7119205936,-2899.2080969569374,-2828.241255755571
45,-2817.611977934567,-2765.956734325724,-2902.6722396477467
46,-2832.8680258606732,-2936.8022306793114,-2936.2991901309515
47,-2852.841752531531,-2821.281389674576,-2840.9705889179304
48,-2762.867815620902,-2555.85542163678,-2790.2255690349025
49,-2778.5635863862262,-2644.4813737804366,-3013.0300415814654
50,-2444.060966866421,-2582.825266591088,-2669.707190261604
51,-2650.247509810216,-2642.3153135473385,-2742.5839598756197
52,-2638.972820586283,-2672.172171501411,-2553.9323262120965
53,-2751.272253826299,-2631.0995533524697,-2753.5043065390014
54,-2705.591500969997,-2651.485747220979,-2638.3035940689515
55,-2552.4109389198366,-2726.3376962195725,-2838.6130069047417
56,-2796.8256417616,-2638.1433742065306,-2540.921063278606
57,-2576.1341634878613,-2583.989743638773,-2520.3314869451765
58,-2468.4010252256357,-2610.151997375766,-2441.826577181033
59,-2710.4212984031647,-2517.0260331854734,-2472.6638034340003
60,-2411.3914628916787,-2382.6282457365023,-2542.1660636435854
61,-2403.8160880852397,-2712.3060236426345,-2464.766835230856
62,-2447.7728413634263,-2323.7555957643895,-2474.404228949408
63,-2410.7096087041286,-2739.267624816375,-2550.478092051619
64,-2304.204413381453,-2529.0996585277258,-2405.1367420877964
65,-2404.5713020911644,-2320.233818642319,-2285.162385854093
66,-2242.817357703793,-2355.798323944101,-2291.010154870311
67,-2283.675071060078,-2236.2022802087963,-2216.7029096229444
68,-2141.4373247092667,-2119.395159233176,-2273.37860349984
69,-2148.77171618669,-2053.200278384587,-2296.2437847844126
70,-2121.8119698737614,-2213.294370783166,-2118.403518367838
71,-2134.5877461754435,-2129.0135754469406,-2201.4842189568685
72,-2045.9615323528271,-2168.473238405358,-2112.556326136071
73,-2107.4947397103415,-2234.677619818008,-2199.005850861585
74,-2200.501002379387,-2399.6236986508875,-2299.9643578998257
75,-2233.40207582774,-2331.7624587283185,-2309.705344561132
76,-2130.471648026957,-2223.582710849338,-2303.9867044781863
77,-2175.6384978807328,-2230.8663378975816,-2085.4743591524043
78,-2312.254448461155,-2107.578730235443,-2256.6128429439163
79,-2100.9923386598794,-2099.6079960754687,-2206.59286354704
80,-2154.3877317907636,-2233.2201969938533,-2054.7577879574583
81,-2147.289219426358,-2107.444335177186,-2063.548184189071
82,-2249.029706007512,-2266.7081474496126,-2307.0155881088267
83,-2326.3909954920978,-2415.1500613576222,-2297.0977136800684
84,-2139.8808998266986,-2071.2665154763667,-2112.5189048573975
85,-2561.0265113945006,-2507.506472872383,-2326.2115797958822
86,-2314.720815735132,-2420.2528337192557,-2180.4943493990113
87,-2244.268492458751,-2124.4897409338832,-2283.734427301451
88,-2092.7669789572988,-2257.0656692949638,-2158.4882400722454
89,-2063.789883562932,-2028.135026197182,-2010.3627799878413
90,-2162.69921558055,-2130.344796337543,-2287.193241343726
91,-2165.237041222076,-2190.2988615785616,-2138.924370594694
92,-2052.200625399277,-2152.4276583555306,-2038.1812025406357
93,-2002.3729945164746,-2130.988904154423,-2227.943052098134
94,-2092.4089561174533,-2186.9355669582715,-2083.3927874034894
95,-2187.0633409497023,-2191.907784942506,-1997.726989379964
96,-1963.3257457970312,-2314.288718616286,-2162.34349742773
97,-2101.488029357651,-1979.3017770841736,-2013.5457883287058
98,-2209.1853957831263,-2107.198713632649,-2189.7439639024906
99,-2065.1804064471467,-6670.167652357369,-2006.9046240832445
100,-2370.8758329945895,-2356.563086607409,-2175.0706368927754
101,-2711.7595477244,-2454.191102351693,-7831.757961353532
102,-2583.744312614601,-2616.326399113732,-2458.538259885589
103,-3278.77628612598,-2617.268477963917,-3442.393590030463
104,-2521.9623242985786,-2374.3782683609725,-8104.4470191839755
105,-2408.051818776825,-2538.4165320784477,-2338.783940141758
106,-2434.7499377736053,-2553.1077183174257,-2556.0671790403344
107,-2140.2508640375836,-2263.3347427732438,-2439.9114666316286
108,-2279.935355565659,-2301.748271163235,-2163.014533811955
109,-2506.0480767354065,-2538.5358589509406,-2501.841676825302
110,-2223.784654018005,-2177.503998974695,-2180.229807683368
111,-2056.333407957971,-2076.4278051202323,-2127.284181818224
112,-2043.1975306966888,-2078.62729754987,-2002.9802127197356
113,-2039.278669314362,-2054.5750250024553,-2180.51026613489
114,-2062.525431819135,-2126.9060280054937,-2019.6081025515632
115,-1907.5700861331989,-1970.1352535314356,-2011.37513794459
116,-2152.951699786437,-2032.0905398567124,-3954.931397177861
117,-2146.2673027615606,-2123.8761479241516,-2030.9116624860303
118,-1970.3449404655034,-1995.2688526504992,-2056.270408883919
119,-2068.48603688484,-2025.8449819468126,-1984.81263262437
120,-2051.1819850756788,-2146.4651239575596,-2215.0680563818614
121,-2680.644030921776,-2169.314293264703,-3815.04894494327
122,-2035.7300697208711,-2087.0451817360768,-2059.946700815744
123,-1963.2689892111196,-2059.0115906278834,-1963.0450363175116
124,-2140.8167595613877,-2081.392237443567,-2123.9734454247546
125,-8333.667179682736,-2163.978867802762,-7930.422221287888
126,-7869.906096125189,-2066.7536354025915,-2076.6394617515944
127,-1927.5538119905736,-1956.784358757789,-2911.1915857474783
128,-1991.791319740618,-2006.7781230615542,-2560.69205153654
129,-2025.2187347343333,-1987.7480872954172,-1973.4282912566207
130,-2001.2669554820668,-2126.5790441579275,-1902.0762375296827
131,-1971.2896170873278,-2017.1198435067747,-2087.4905125625432
132,-3181.951913916376,-3819.464344750809,-4081.3777935489675
133,-2817.5834099103276,-2971.0341432982955,-2146.8289273773057
134,-2408.2836939333583,-2141.2338245173314,-2088.3061268996366
135,-1970.2380380019874,-2009.17517560547,-1981.5377940793041
136,-2022.98650366301,-2288.350967610451,-1997.7248728858376
137,-1990.965016524338,-2111.9330635873625,-6880.585889323329
138,-2001.7305374656487,-1997.3143906515072,-1983.4465445220383
139,-1908.9289571331583,-1933.3284811642134,-1949.179679550939
140,-2039.4206409545263,-2052.8214612291345,-1971.850472294565
141,-1948.605014472094,-1895.9638619867499,-1946.910559022005
142,-1933.8599876140217,-1924.0495894825615,-1995.1302538011626
143,-1870.0052893218206,-1933.0805110003505,-1921.1461052205577
144,-1857.1054101252623,-1903.3577080573207,-1975.058885375675
145,-1917.978541075702,-2061.298228014655,-1967.0885713983512
146,-1936.9502586600377,-2084.903463015132,-1999.7112500368403
147,-8220.754904826177,-2034.4239243691948,-2121.232967084981
148,-1894.0587457195031,-1970.8393396334554,-2098.09474983272
149,-1976.704542130863,-2030.0419044950656,-7727.678934024759
150,-1998.8179158297955,-2062.8418810547428,-2040.3856938181323
151,-2166.0265964953755,-2051.6808537915635,-2101.008726302059
152,-2066.5130437193366,-1929.7951755049496,-2002.0411870628025
153,-1939.9021139119861,-3479.38047823524,-1991.9083755235854
154,-1923.1075524462863,-1874.3037299172115,-1929.0175862175215
155,-1905.7567685393049,-1960.9514935098507,-1894.2915560586912
156,-1933.4037087960266,-1880.7239855718285,-1956.3628411893092
157,-1893.4785454166329,-5754.168560411032,-5548.472693431893
158,-1970.5223271192367,-1931.7145905528985,-1934.7516263425246
159,-1908.5895435356035,-1911.8114359179278,-1825.1250283105055
160,-1994.0863071505134,-1884.7271551514632,-1934.8202811591711
161,-1891.6640124175965,-1877.5541788815547,-1894.6948883615719
162,-1854.484735999901,-1803.8679464499646,-1894.4794589147668
163,-1803.3475463548984,-1793.707829360888,-1792.5711157694384
164,-1847.9878990472369,-1861.2616543591105,-1793.1461911188878
165,-1825.338853834029,-1866.4357529993297,-1898.059108339329
166,-1956.9161706516397,-1900.754095321521,-1853.5086180492515
167,-1996.3463046393772,-1978.618426557336,-2043.6693951983032
168,-1982.7761945437537,-2109.9975506667097,-2143.8748553621786
169,-2001.7076291244912,-1924.8803828428033,-2190.88974592766
170,-1934.9841533801844,-1875.5223863524716,-1984.5391232676154
171,-1937.1370291775215,-1851.5869070104593,-8337.709369882537
172,-1881.5963550342958,-1849.8575942917148,-2028.2509749700075
173,-2026.6717560439918,-1975.5394914167011,-1897.829940542341
174,-1838.2905609668853,-1785.1700597977156,-1940.5255925805805
175,-1903.7000145124925,-1920.2216844873985,-1896.6130070148608
176,-1873.2585283044345,-1839.0113306448036,-1746.456840393412
177,-1793.5805922335048,-1847.1443988152034,-1802.802038111731
178,-1815.9823995775653,-1773.7665782127613,-1750.6637387387439
179,-1825.0505313273477,-1872.9886753222563,-1889.7724983249332
180,-1993.3618517964094,-2812.988388420106,-1982.219594098659
181,-1872.459457072477,-1901.146559525527,-1963.5580176308922
182,-1786.2675404120932,-5600.125120633097,-1840.8229475184523
183,-2890.400532212277,-1704.3856269422386,-1703.7775418150761
184,-1826.6097683646624,-1933.1538848781383,-4097.173676255101
185,-1835.0086438081676,-1770.3341100629932,-1786.4812860629265
186,-1965.8428224746858,-1937.0449700759646,-1899.4439320616796
187,-1848.0612719406424,-1893.0478133546258,-1869.5733047781737
188,-1843.2503569131325,-1981.1691039601392,-6280.004715550366
189,-1824.7709275286309,-1803.4702274721149,-1885.8459665318032
190,-1933.8914939266936,-1896.5182671027026,-1942.591727388447
191,-2005.015939496155,-1818.7322578411702,-1811.9146709247646
192,-1807.1568968124463,-1827.1470782531273,-1821.4446156672973
193,-1967.0143195445035,-1947.569842510069,-1982.3250588761011
194,-1950.8218307650045,-1987.6837327771364,-1949.6413088968206
195,-6840.556157708418,-1912.2074477333242,-1902.8038697187928
196,-1933.2528113163562,-1771.2307181910164,-1785.1099617792966
197,-1863.4954062605873,-1951.9973950533456,-1994.1141499630019
198,-2028.3558336800415,-1988.526776070284,-1956.0591552942844
199,-1823.3265717281306,-1818.5800043985464,-6789.033365511359
200,-1887.7481219609365,-1883.062893339429,-1826.4594405574942
201,-1985.243932804158,-1943.603365982516,-1856.0613270669446
202,-1945.2163785685268,-2016.663744005734,-2047.3855304764054
203,-1935.361776520219,-1926.7428164017615,-1972.9344395811536
204,-2107.5421170178392,-1886.0019363253086,-5653.648516893415
205,-1838.6335863732043,-1879.214838848379,-1926.5218726440905
206,-8329.118656629791,-1899.9696250647075,-1881.2567830644466
207,-1876.857404813671,-1857.003623562737,-1794.9983052658854
208,-1915.6585340467823,-1785.3191801237547,-1797.8570884301855
209,-1776.6419336328072,-1792.2197519676588,-1815.204370529272
210,-1991.1714061119417,-1980.0307080807602,-1887.6774620459146
211,-1882.1569873048793,-1913.2871580642638,-8590.143536028394
212,-1938.6584163397204,-1982.4648367409527,-1980.8909966728302
213,-2000.6243950322785,-2003.7321582375623,-1933.521999176202
214,-1965.8914930225894,-2083.513031366,-1937.8844533046968
215,-1982.500444593244,-1921.7623442729687,-1924.4471769266493
216,-1906.8483778407751,-1944.2863473186476,-1893.7557059368796
217,-1914.2007756264193,-1850.9866862948782,-4035.724525610327
218,-1960.6941103912914,-1920.1633147480786,-1998.7210069171085
219,-1943.3751025896538,-1872.550374458414,-1983.4317573513163
220,-1833.726922246953,-1875.0703332682128,-1759.6375896509137
221,-7558.726099691808,-1863.121845982115,-1765.1321304947983
222,-1861.707955149747,-1795.9969845756511,-1846.0827988815429
223,-1868.7385097088008,-1972.4774619922557,-1951.704580370796
224,-2032.7891745981285,-1934.4244980150688,-2043.3113624373057
225,-1953.2443197845366,-1879.6773545170265,-2032.847292312912
226,-1815.384846545381,-1935.1817684752536,-1904.6135024852974
227,-1950.643501432947,-1900.7422387219428,-1940.9786833666924
228,-1826.2118894386442,-1810.2904088125722,-1854.2818682150132
229,-1751.9795983504534,-1799.3976485352578,-1726.8765324638007
230,-1846.039786617902,-1871.4229132588791,-1837.2881211666643
231,-1870.4517610654311,-1851.8413051665789,-1865.7193307091545
232,-1829.1553616552897,-1858.4910858183669,-1821.3074325508665
233,-1869.6991827148631,-1946.0492147419984,-1918.3015091863613
234,-8529.599769791055,-1955.0145554634412,-1931.7909021601117
235,-1883.1432606914307,-1934.8980433086213,-1971.6331390178566
236,-2007.5290984122726,-7034.19158685453,-1964.0014051081698
237,-2108.9389906003557,-2085.9270868041212,-2083.3955906839888
238,-2016.877228240664,-1981.5220270542561,-1968.3306448312253
239,-2171.147232439325,-2058.8805234527754,-2232.017593752569
240,-2169.479104053839,-2191.5141186764663,-2211.2021534947266
241,-1944.905500917237,-2400.025068628863,-2084.191735411644
242,-2075.746251498944,-2041.0246933236342,-2049.1012391036156
243,-2059.4878261199387,-1968.0529931078622,-1952.1620822177786
244,-1926.490509568562,-1971.2730240974395,-1905.8012809783133
245,-2030.760416462348,-1949.595722237101,-1975.127404522783
246,-1963.4037855112342,-1954.4106440181981,-6652.351237343862
247,-1852.4083013013203,-1925.258334297263,-1937.990755040899
248,-1786.0313611641159,-1796.1497470295421,-1758.276471054838
249,-1755.6343820198117,-1859.6059932819753,-1789.889565171645
250,-1864.0103061054408,-1787.9262813851465,-1782.9914575528069
251,-1818.6960403332953,-5027.93888751184,-1907.5949177574912
252,-1826.8435759242466,-1806.4161125496876,-1846.1664350880365
253,-1755.2219422608964,-1751.972946140604,-1824.581060412756
254,-1895.7460743447932,-1899.0185538504259,-1905.7781401314862
255,-1868.646954435211,-1827.2003429385497,-1955.2303718110284
256,-1959.0427124609446,-2066.093045420008,-1969.3090286508927
257,-1940.5423331452312,-2051.218804088561,-1899.2000591603949
258,-1815.0590240832378,-1803.815877973868,-1832.5678874819887
259,-1894.9579178683944,-1909.1721001839983,-1871.7187801299124
260,-2084.7053840575663,-1969.0075320284777,-1926.7724982336224
261,-1832.669959062191,-1923.3756404387111,-1919.7674857175243
262,-1798.6403042611576,-1739.4907872858967,-1784.4364191431555
263,-1914.5961663154121,-4306.070159330246,-1785.6386508625503
264,-1881.197557918106,-1780.7852540128679,-6837.167290859287
265,-1845.8659052270943,-1779.4038385023437,-1822.5452470033408
266,-1834.2561155203239,-1816.7784831294903,-1938.2881478578565
267,-1932.1473773843784,-2035.1256842147818,-1976.705267916738
268,-2026.0919728766178,-2051.912582361628,-2203.6153087406815
269,-1758.6857727400254,-1894.8691264624622,-1846.012606501996
270,-1676.9637125771262,-2433.884046972699,-1765.1885150186158
271,-1741.3240695488746,-1773.172813416055,-1796.6227342245213
272,-1712.2429964763935,-1726.1327833062392,-1765.961066618723
273,-1767.1651977932381,-1957.9013468990477,-1882.7064521858363
274,-1827.4888116138557,-1870.229854320968,-1919.7161101865822
275,-1863.2953871582974,-1818.1280425187301,-1865.5241560092484
276,-1868.349484281214,-1939.7939398800297,-1865.3724193331211
277,-8012.49080009169,-2081.9645376299854,-1993.7194336005005
278,-1954.4349005126971,-1974.9855580610374,-1954.390965979738
279,-1894.6996636662843,-1897.7717417473655,-1870.748915807554
280,-1829.1281680885857,-1839.4578235189801,-1860.959257791618
281,-1986.0537683065763,-1941.7835144660435,-1862.6452077640397
282,-1824.4496809037778,-1839.6329123107478,-2020.0727544106908
283,-1819.1158370045587,-1879.6098581435522,-1911.0698757143098
284,-2278.630197580578,-1870.8175705791743,-1876.7162653855946
285,-1864.781196615339,-1873.1460328826302,-1872.0828716345627
286,-1863.2401124952476,-1957.8925083165593,-1937.1915543497603
287,-6027.7824561439475,-1942.0482045989397,-1887.3490028665838
288,-1890.8746157856328,-1824.2836787477445,-1839.681338202277
289,-1880.604752292227,-1824.927599102475,-1776.7206721097928
290,-1852.8534379457014,-1856.255690437169,-1842.4359546434853
291,-1902.8967853262586,-1944.3374795153254,-1859.5814019483805
292,-1909.5391360821664,-1908.409595572198,-1935.146431042932
293,-1929.6796326155716,-6391.000402243885,-1916.5098290053206
294,-2143.3804316580554,-2016.5288827125032,-1998.9802403335173
295,-1970.9955447166644,-1917.3828227074046,-1836.068300073942
296,-1950.1014671274443,-1936.6841112466814,-1946.6268431737703
297,-2000.5047624143021,-1877.953971760585,-1933.0949558590316
298,-2032.4468855324726,-1921.316871669677,-1816.1973485949263
299,-1903.267005376532,-1913.112863372042,-1940.6221723358024
300,-1871.4929107049375,-1789.7146121169071,-1892.7343314152997
301,-1865.5212181737957,-1885.4435285342022,-1845.4991331163476
302,-1928.4592896533024,-1910.1454182649052,-1839.807959633129
303,-1979.9979953251755,-3569.584829023503,-2016.4771508439846
304,-1963.2409360128745,-1989.4954885198624,-1894.9467201230161
305,-1952.2836737327846,-1834.697943215964,-1823.7523051981193
306,-1793.7865395665542,-1845.195066556321,-1803.3051402232256
307,-1871.6705729188006,-1880.3624310517364,-1926.1333044656656
308,-1868.9613455178414,-1806.3313303082357,-1951.7295768142435
309,-1877.5363177942827,-6112.693160782357,-1831.983656750428
310,-1896.9104046833218,-1929.4631936946923,-1822.9272636480382
311,-1884.3226553185436,-1907.1419078564497,-2030.170546428463
312,-1878.6636460423101,-1833.1859059287385,-4507.762274490519
313,-1865.8957315204514,-1969.1347812005304,-1806.9566264328405
314,-1904.0657977883855,-1942.8110577604796,-2012.459609748282
315,-7883.439797872676,-2045.4275564722382,-1919.330700549069
316,-4958.644714073789,-2040.3121720662416,-4808.146301989076
317,-2054.4171857803617,-2022.9937441874742,-2055.428532070195
318,-2059.7595406198975,-2073.89664539575,-2040.5870552601637
319,-1986.9389865579972,-2055.829913843889,-2020.889141167949
320,-1912.9509587348348,-1853.1049722082394,-1878.6286840825533
321,-1952.227332600173,-1810.8807633757322,-1809.3005529889726
322,-1935.1245089149181,-1897.0591920725092,-1966.0837322900757
323,-1827.0220902545614,-1803.2924074159055,-1852.846135447024
324,-1958.9602729966668,-8458.63173608262,-1987.6977793737904
325,-1941.0708424651739,-1997.5023044281445,-2015.3947739617347
326,-4400.883821396699,-8663.843436761927,-1913.7449235908189
327,-1850.0941313321368,-1927.543212743624,-1812.9337169537946
328,-1764.1654675513425,-1991.0960494361832,-1794.6233055770049
329,-1959.320297694912,-2162.884467750051,-2036.8669593610443
330,-1998.6072600581722,-1836.9085972788719,-1921.1620624910595
331,-1812.0532011881985,-1829.019032574646,-1814.4478402358855
332,-1799.3603469890697,-1847.8922343960035,-1793.004297088628
333,-1794.3315526695965,-1756.5401780263487,-1779.4421621696683
334,-1698.8844995841428,-1719.1202725086775,-1814.238450041843
335,-1731.2429937616484,-1792.0762706711173,-1756.7644346193322
336,-1750.41583909675,-1802.0648954813676,-1730.9652469791847
337,-1895.2835037894713,-1898.025472421169,-1839.8149270085876
338,-1862.1980186529584,-1851.7307245036677,-1817.5848591155745
339,-1750.1905141622256,-1704.6166976055972,-1754.929625170352
340,-1736.8472630729846,-1747.591091457981,-1711.4328418530479
341,-1703.2144331021896,-1775.2452889962858,-1697.5663533044797
342,-1778.7002016651195,-1681.9367129794562,-1796.8520515870948
343,-1671.6353831330248,-1709.4719325760886,-1689.6688640719508
344,-1668.478142947523,-1685.2479978950726,-1677.0741252398927
345,-1664.869634066363,-1629.5642295259854,-1727.627133233654
346,-1643.5299337721383,-1672.5306498074565,-1688.238046596729
347,-1794.1861288947746,-1861.7182908100353,-1732.129660418401
348,-1695.8144310936561,-1734.1166553626788,-1758.6847671816656
349,-1702.337024506305,-1732.8867252475686,-1765.2747714133327
350,-1757.6797850488595,-1762.7424008377413,-1747.3095350193514
351,-7416.031723380303,-1731.746483791529,-1706.011171192548
352,-1812.2254732723086,-7737.772601381198,-1832.8110254011515
353,-1851.4108591788236,-1790.586273550888,-1802.7596699419068
354,-1758.5340206322778,-1754.3008685447478,-1777.344346923946
355,-1874.5122354283774,-1779.56945586269,-1736.6849896708447
356,-1775.0376876657472,-1731.6207409196463,-1716.1963662188873
357,-1746.3173307492136,-1738.8836704710582,-1702.2193055260345
358,-1741.9914409217624,-1796.742238334059,-1736.9076580947037
359,-1713.50946298113,-4318.613136316764,-1735.0783303930743
360,-1695.4961339658373,-1716.1176278778562,-1658.9955070042336
361,-1708.2706267361675,-1744.590118471982,-1790.4609808757907
362,-1789.134558195936,-1757.9882539106352,-1751.7519327166438
363,-1685.1485358590405,-1768.006821106583,-1821.2359714691065
364,-1821.253737158457,-1859.8436540604973,-1772.9402897096422
365,-1767.2562337766558,-1756.6547824500324,-1770.3110338629576
366,-1869.021899001697,-1878.6717437276363,-1837.0894566268491
367,-1844.0733533623918,-1926.9265909457222,-1877.5131657747052
368,-1877.7256945005704,-1745.3519978395566,-1881.9171443122057
369,-1876.655506724556,-1870.227402181737,-1897.0301479188727
370,-1725.6708451999127,-1854.951119839861,-1937.420726186665
371,-1662.9077194933886,-1709.823401756655,-1782.7554155915302
372,-4182.584467802449,-1721.4624258300125,-1628.60355875472
373,-1693.4498851887138,-1688.5365235818263,-1727.589112956261
374,-1768.509442685168,-1714.1964186492735,-1704.0732457372392
375,-1828.8438082049615,-1817.2964391891353,-1846.8688760957052
376,-1661.0287203626704,-1729.738907379252,-1659.7569034792239
377,-1657.1545056036716,-1646.280824452833,-1687.289739803033
378,-1775.8958096197384,-1796.6008797799966,-1712.7742270809172
379,-1784.0558594874194,-1790.3106531319993,-1757.8022561937275
380,-1887.2794290731072,-1867.9511046995106,-1906.9111877949383
381,-1750.7346852038133,-1773.7713069985814,-1785.2354115301396
382,-1792.0261416444391,-1852.9326075383876,-1782.8565600540135
383,-1838.835483876407,-1868.9644504287292,-1798.2976034953567
384,-2065.1268667008053,-1891.5990840850247,-2004.467899183359
385,-1821.1733021016114,-1750.0867120566634,-1701.864750689629
386,-1939.816040509093,-1905.638936920544,-1925.6311120746589
387,-1871.8541031559603,-1930.0494666324742,-1809.9400945562777
388,-2018.3688667272208,-7123.418625088543,-6684.704376488443
389,-2048.2490617600843,-2067.4612816812587,-1913.5993559427761
390,-1935.240683942229,-1829.5055351561423,-1795.251155957312
391,-1752.8172992617187,-1737.0075016791266,-1813.2519480537596
392,-1852.1236329927438,-1679.1500523240145,-1766.1867621535566
393,-1766.310592029563,-1822.3145169505804,-1741.022389501218
394,-1942.8275840406675,-1957.6035317390963,-7041.931556915671
395,-1704.1298961935454,-1727.198732923678,-1732.2674882765275
396,-1734.2708553552056,-1745.8131055682793,-1738.352572821033
397,-1748.4130764599274,-1715.1248650913947,-1769.6077774483851
398,-1946.984728758635,-1788.570880240154,-1987.5022013770333
399,-8137.339919449312,-1787.50265101216,-1848.9354031713917
400,-1776.293442847316,-1826.1448360059176,-1827.6540675968433
401,-1725.734860317785,-1751.5842491705919,-1764.2492658096223
402,-1756.8417090209189,-1777.7610802808108,-1754.4608956462948
403,-1722.5554518319118,-1728.0678591753872,-1756.9798918919503
404,-1866.8524691831976,-1893.1136998321922,-1872.2522733896221
405,-1801.0895592860302,-7695.364729008633,-6674.325665293757
406,-1837.3583484708838,-1860.957330876015,-1798.1343897342533
407,-1962.1398459309207,-1916.9984760940722,-2007.4753448067895
408,-1830.621053528741,-1788.7170255189353,-1795.0102508352204
409,-1885.752558508469,-1931.6620706073284,-1927.9433973030837
410,-4491.020794975084,-1797.4247235474004,-1947.120583409405
411,-1858.4490021372176,-1859.4739743556959,-1831.468867513149
412,-1860.7576016771993,-1736.3118644080314,-1686.6898277515656
413,-1747.9912450469055,-1765.4081507688518,-1859.8939610219795
414,-1800.469287130163,-1839.738349741173,-1780.6391039971
415,-1822.0126664316579,-1875.631716864626,-1862.5690287302164
416,-1836.0920590118455,-1802.1134187790433,-1736.3658634740998
417,-1825.0737926121408,-1781.4891732884678,-1807.2128146678003
418,-7007.482494186437,-1903.5963110228026,-1825.1382708640194
419,-1766.7586227911618,-1781.2413935989782,-8050.022013586556
420,-1778.5056167235007,-4687.429440922809,-4734.025720352508
421,-1866.7047060998032,-1802.0075449943934,-1734.2569433548126
422,-1781.4493681468348,-1820.3979533833176,-1816.3312338734358
423,-1833.961401760382,-1795.9200345917516,-1782.1688325176376
424,-1717.5966014750024,-1709.3124453760365,-1691.269712554448
425,-1960.0258920460246,-1843.898065061268,-1798.8763154655371
426,-1888.5724431281487,-1973.1488208742435,-1864.089169711878
427,-1700.4226709482086,-1716.9409176424908,-1734.1179577914102
428,-1727.2437669081692,-1662.2718492272988,-1748.3147937370916
429,-1757.6874294044255,-1630.7481350394314,-1704.7157036265928
430,-1709.1341177485463,-1634.0809007196578,-1694.5706576798405
431,-1668.778202181834,-1705.9842780222727,-1615.582672645194
432,-1810.5897364071525,-1774.826171292677,-1735.8174620756688
433,-1757.1061649716198,-1725.2413784659739,-1763.9808481713314
434,-1746.8875961899253,-1711.5276156739692,-1797.3945092668284
435,-1756.4293164608905,-1666.792527474951,-1681.8242380031995
436,-1741.7623836700334,-1695.5647720605125,-1716.907937987408
437,-1640.011941065202,-1755.999914050383,-1654.9664113517708
438,-1709.8245874267673,-1704.145031045978,-1725.7031852500254
439,-1850.184767499659,-1758.2471096094482,-1766.1401141711617
440,-1782.2830870500627,-1727.0904922770505,-1786.8066962230637
441,-1674.148480593491,-1634.1359055975593,-1692.715825883692
442,-1697.27498106739,-1593.897497713271,-1645.992553228487
443,-1773.4728442174098,-1753.0658546072043,-1691.9588781944828
444,-1789.3256694964314,-1779.7518676045374,-1698.5929813808675
445,-1723.7654132567886,-1803.218883953874,-1711.9867677885065
446,-1746.3652133749742,-1734.6333156006322,-1701.235442468208
447,-7949.179517064583,-1712.427904098969,-1648.3237211100702
448,-1654.8081307461507,-1695.242384459256,-1624.429826758818
449,-6648.810235436505,-1662.3125107664082,-5907.431098433545
450,-1744.7543412526247,-1805.2689692682789,-1682.324637118363
451,-1661.2574935815837,-1694.9884998288792,-1721.7625392229024
452,-1699.42750989306,-1700.3608381706817,-1749.8067915244872
453,-1686.0288444327782,-1657.5293901466948,-6494.997076081955
454,-6135.056726060539,-1779.5784083120266,-1723.807343261535
455,-1834.9793969864675,-1769.066967614136,-1779.1187247307178
456,-1740.8338187342356,-1738.3413075053156,-1781.7724140603555
457,-1727.9677022249907,-1770.6800198005812,-1767.0362005726283
458,-1804.5004859104392,-1816.7422630960148,-1791.6099883659733
459,-1835.660924557495,-1752.6943211998287,-1777.1893226620252
460,-1679.516985552884,-1670.5362168719632,-1710.073111915271
461,-1655.4932883674685,-1704.4046360112961,-1649.5558053803861
462,-1753.8543679725224,-1764.538259586467,-1651.5973546919304
463,-1693.8656161424444,-1707.623973383345,-1677.87420889766
464,-1709.3890586973089,-1722.013539318122,-1720.7168260129333
465,-8738.87681791159,-1769.9504177798526,-1752.4272238558806
466,-1706.326649585624,-1738.647491891034,-1652.130000644608
467,-1703.9695626252285,-1806.1042782137954,-1703.790105269501
468,-1689.6065258899264,-1721.495202636944,-1735.8959129474256
469,-1677.9925174397756,-1748.3101752206137,-1752.8682609924651
470,-1745.8565695351915,-1710.5961309915103,-1663.8585076215315
471,-1751.6755260328155,-1658.5930326079645,-1778.2135932237193
472,-1700.2461464538583,-1697.9597872296797,-1773.5968722451187
473,-1721.535692948621,-1816.3410170307857,-1680.5787743774179
474,-1635.123872251192,-1741.32100818176,-1652.4796791101226
475,-1637.5134242830247,-1654.57911522956,-1701.7778875009847
476,-1692.7892202792243,-1686.2480343582645,-1676.6382060096012
477,-1672.8956943371668,-1728.4250893778171,-1752.7428632041087
478,-1687.352884758543,-1706.3711526910047,-1690.9545704439356
479,-1758.008529336475,-1861.071614518084,-1829.546546846712
480,-1850.2599840932205,-1740.334353775046,-1771.626371321893
481,-1730.418417993673,-1746.768733026632,-1740.510041819813
482,-1681.094211854369,-1733.6152858088574,-1683.862871428841
483,-1717.7037605194316,-1648.3121170197765,-1738.8809157689495
484,-1752.952069516206,-1793.827116463025,-2005.0759346633238
485,-1776.0443676126424,-1667.9214842191845,-1639.661332076512
486,-1730.316232122932,-1645.9518594009082,-1720.2804217202795
487,-1669.0576028032478,-1687.5344237415243,-1709.6430533996886
488,-1760.8223852213523,-1638.9633725433455,-1602.6486587299155
489,-1751.1512065646652,-1681.7558142030641,-1698.375745619673
490,-1642.8480080360853,-1735.4403355318318,-1689.805731164236
491,-1668.5127335330653,-1630.0134874826317,-1663.5132313341182
492,-1777.2152127540814,-1729.0273390568238,-1639.5981768733386
493,-1733.5883197900532,-1677.9715482699864,-1650.349117771624
494,-1669.6410385734262,-1671.7829553012418,-1640.1125140950428
495,-1636.5677344967842,-1618.2720512006144,-1612.838883548808
496,-1681.8624827523797,-1688.328835255939,-1715.5274940707736
497,-1687.4762747691686,-1687.7102160607856,-1681.5735031628592
498,-1609.8153481968432,-1664.2052534703646,-1681.682201004315
499,-1695.179906597709,-1651.9408652363288,-1727.48756690682
500,-1661.090974765715,-1657.6049200755676,-1706.9102480735696
501,-1660.0234623237645,-1735.804676334832,-1630.0011103614713
502,-1730.609607982354,-1726.4431531146504,-1761.2979160587654
503,-1614.0993764204748,-1630.661195794926,-1650.4913216046768
504,-1572.34916485146,-1730.225421400929,-1631.1954687143325
505,-1653.9314278307734,-1620.811835859128,-1624.591302401434
506,-1701.4565602159269,-1711.6047400147897,-1674.8236295017991
507,-1714.5082501940985,-1670.932451782835,-1737.430581096403
508,-1716.8349909509102,-1710.6045970285886,-1616.9276357526505
509,-1633.8069082639424,-1643.7438727840279,-1706.78333605626
510,-1635.9316773744117,-1664.5565448220625,-1708.2619327531952
511,-1641.2920773127678,-1634.302112708394,-1837.5652835111637
512,-1706.1257085405064,-1742.3562566309784,-1724.8204735287104
513,-1820.237422735719,-7487.838170412789,-1877.3299807541132
514,-1771.1095656292543,-1758.6078846938435,-1750.9582444058808
515,-1712.6278808079676,-1710.271708974444,-1705.982107034549
516,-1706.648058255267,-1624.5043852146343,-1707.850385049448
517,-1731.2942927626852,-1768.3411419098732,-1692.304109906487
518,-1714.7637952276093,-1661.6239834841597,-1760.6511178068308
519,-1675.5371603456063,-1679.700395495646,-1689.873043925002
520,-2214.5321848994904,-1581.0445321143188,-1643.733948626319
521,-1665.839583303324,-1777.4347451878775,-1759.9916508892638
522,-1779.0591482595403,-2011.3749147051929,-1760.4255325433
523,-1702.7504635126818,-1655.8984311992435,-1683.6554093226266
524,-1650.0280038601493,-1656.5411116818773,-1644.9546336380388
525,-1640.4717161421047,-1685.1068598495845,-1701.6460916923847
526,-1709.9344626801842,-1715.7217841142929,-1698.4784003507932
527,-1702.4982397189988,-1727.683765243953,-1683.8530464170785
528,-1656.3492329116714,-1768.100582406098,-1760.330708816337
529,-1750.6082738831287,-1733.0921831628705,-1681.746165058409
530,-1759.1700496944757,-1662.8031247291678,-1698.3194353795664
531,-1781.104485788576,-1772.7377648062163,-1762.7243414457132
532,-1782.2219420906931,-1748.469211631901,-1836.730370599936
533,-1799.3995587507352,-1905.2904279548654,-1821.131235381452
534,-1862.0594840896738,-1865.589250319611,-1804.6465494616461
535,-1840.37851371867,-1799.3078594411616,-1775.606806820156
536,-1696.251424158775,-1773.5483353571071,-1818.6753856676705
537,-1869.6806163264125,-1820.2150307962042,-1862.750146181807
538,-1832.9805261308884,-1734.7565533462252,-1786.572103595089
539,-1717.9000123591886,-1752.702375828547,-1664.0433907912857
540,-1722.4551835703378,-1758.1686557662458,-1629.0968883554904
541,-1692.7926788514171,-1752.0207304606317,-1686.5534131228608
542,-1654.0920036275902,-1812.5444962140589,-1718.4224135449656
543,-1773.225073027366,-1731.6755556845894,-1644.4808565397343
544,-1735.338479622329,-1698.2537000118139,-1676.986678791575
545,-2901.636099975576,-1777.8268872236588,-1744.7706545772446
546,-1723.214672819372,-3482.606101938361,-1681.881073193227
547,-1677.027362837724,-1666.9768766173163,-1703.3619567504318
548,-1678.9901579006614,-1683.5400043390862,-1675.4992000854797
549,-1686.5302775323112,-1706.750592623582,-1645.0793395865253
550,-1690.0195167457807,-1709.6978618738008,-1720.5044143439086
551,-1623.1063538742928,-1639.0378605604808,-1645.7595712963205
552,-1654.7060593563135,-1647.137167768853,-1665.021792659437
553,-1731.1210046234478,-1677.4658637234206,-1706.8255364231356
554,-1643.0535394419435,-1625.6369679834286,-1694.225139872424
555,-1703.9277461336173,-1712.8084156931018,-1687.8601100017324
556,-1764.7416867253344,-1778.9519386655545,-1900.5714844486606
557,-2668.7076603542628,-1845.75443728038,-1876.5138875084099
558,-1790.4796485933432,-1784.9116160940723,-1863.7948728066124
559,-1786.7743469870986,-1771.9687030220132,-1806.816211880549
560,-1852.4966496529426,-1825.7392615810863,-1836.1367204210915
561,-1737.3191288052312,-1756.0413857326932,-1870.0528851580393
562,-1821.879765482968,-1855.131144161018,-1880.334151225019
563,-1793.5615728407304,-1723.3308825785716,-6297.098292701275
564,-1782.6046809532472,-1802.033396482088,-1812.7980306406153
565,-1723.4384024865883,-1777.2954282918588,-1729.674110874555
566,-1776.6805182889968,-1709.4003936560866,-3265.890759532063
567,-1666.0395050412299,-1715.9356476379412,-1685.4608621998586
568,-1663.1850784158487,-1671.2575733583399,-1698.4501278064524
569,-1771.6184198043698,-1707.9158364781945,-1698.95286964119
570,-1704.6338343204932,-1683.5805530431242,-1698.2382690271452
571,-1652.8686505201229,-1682.6974149647885,-1738.7325762415167
572,-1688.6327590049414,-1763.5928456830832,-1660.7274386463948
573,-1689.9842246187004,-1647.8812810038414,-1676.4863430781872
574,-7379.422885862949,-1742.921502991249,-1676.858139167662
575,-1671.0236060260613,-1624.4583279088106,-1672.6060346763811
576,-1697.0626670729184,-1752.5171166989917,-1721.4420242746912
577,-1827.6338533815306,-1756.4054708670453,-1763.6364314281227
578,-1733.805723961654,-1715.6344921775183,-1735.191115958096
579,-1693.717234826794,-1689.8821094047337,-1777.4793992986024
580,-1717.7591847791043,-1748.8665715688815,-1689.141002056839
581,-1648.058996800477,-1644.3275280951098,-1669.8369796678403
582,-1660.797918469589,-1697.6029427643555,-1692.7128960861132
583,-1651.502870764202,-1712.3705928492786,-1645.1382577182233
584,-1736.2932746480362,-1662.2913708876567,-1698.427530192576
585,-1756.4443926670615,-1737.1433857954196,-1672.5811121159911
586,-1707.8676371932693,-1672.3573440396121,-1649.906518524981
587,-1704.137554492295,-1657.6962991687124,-1670.24372390318
588,-1669.8911224378876,-1762.7161328563266,-1709.834592605559
589,-1622.9023810653212,-1671.087632016728,-1646.0186633018466
590,-1641.9783881332362,-1663.3928432644072,-1678.9481221753483
591,-1628.4922026944266,-1619.4092510625367,-1688.9285072873959
592,-1670.0995465826174,-1658.8525229709003,-1716.317593198246
593,-1754.8394378532798,-1685.6184190836927,-1651.0251779984155
594,-1677.6159443536405,-1709.83196047907,-1618.7880521337686
595,-1602.0918619921756,-1577.1355691607216,-1637.1644840056615
596,-1608.3430817496921,-1626.6359757152334,-1678.1100789174639
597,-1602.0284186179429,-4291.290787680164,-1656.3022457429583
598,-1619.4491552120498,-1726.8538924822315,-1630.3918099633327
599,-1693.2042413913643,-1734.1057339803288,-1668.1029186704875
600,-1668.5167570951453,-1687.4472314626016,-1679.7281892623619
601,-1665.0619737094535,-1740.7288795271404,-1714.6728129784324
602,-1862.1449258195305,-1701.9238617941824,-1734.640230657566
603,-1766.4350338831623,-1720.098235597205,-1752.6415481369816
604,-1719.4046873806149,-1730.8044687248325,-1726.9494775760886
605,-1710.7462728170826,-1657.1236581985424,-1663.1226152956847
606,-1683.0405757996882,-1712.0265323077501,-1678.7786403556495
607,-1651.6318452061223,-1606.3379867343526,-3936.521545437052
608,-1734.0327857146378,-1644.7004454889677,-1632.7634472784532
609,-1658.7830936007597,-1640.8805563601056,-1710.942305271529
610,-1668.042925052757,-1678.415195282854,-1761.6749966453706
611,-8470.679143902407,-1711.2967403500995,-1637.8403285620604
612,-1601.8971252793995,-1714.3732063704297,-1684.7159619969939
613,-1617.9118223285122,-1661.4477600738833,-1734.9766301543157
614,-1601.2272553794896,-1691.087153671816,-1621.017792008095
615,-1744.5514703448305,-1696.6421330410917,-1646.2774066097056
616,-1709.941252922336,-1573.5181539274113,-1593.875339720969
617,-1604.7127542388766,-1736.4754878824406,-1626.3651871054456
618,-1660.6580318630552,-1686.7152398338583,-1709.713488664889
619,-1797.0971673507527,-1638.0152757561832,-1641.2604149401602
620,-1699.5707385365677,-1753.5403920541855,-1768.9632692801347
621,-1670.9306010102177,-8364.074526159273,-1727.5291688053128
622,-1605.8314798164974,-1678.882258783916,-1728.3442916066247
623,-1702.213745215671,-1629.777527906289,-1778.925726114175
624,-1759.3554635555329,-1614.2557324676545,-1702.1692647281404
625,-1824.9296743352904,-1714.9402512639203,-1927.448760311016
626,-1621.7848164103857,-1738.9523912846932,-1688.6642416351388
627,-1705.339397392709,-1661.9551468887269,-1719.2546700035173
628,-1762.4753042648808,-1689.5948057713765,-1671.6070931789136
629,-1754.1280886001005,-1716.113897448354,-1666.5819869907466
630,-1682.9887097798878,-1636.4057325753647,-1708.8190258637524
631,-1672.4340015385249,-1687.9078538644596,-1686.6069870505157
632,-1626.9472620925474,-1713.511852184841,-1643.7204139827334
633,-1745.6082248590517,-1690.0510758107773,-1748.6147329070443
634,-1782.2668682972117,-1754.1072021503703,-1782.100105498553
635,-1818.2315012585052,-1819.2355742097875,-1769.5713384497772
636,-1730.8994432638058,-1669.174221354111,-1687.1696830526685
637,-1723.9710615458507,-1704.2596219843754,-1764.3388427465336
638,-1714.566244305095,-1794.7302716482131,-1685.5055522715938
639,-1783.8990190929717,-1666.3810381963888,-1761.3101986218078
640,-1818.9219286636164,-1799.218872116629,-1812.6058022136588
641,-1776.3577509210363,-1943.499847617134,-7354.684285369376
642,-1769.0599800464245,-1793.9632176410826,-1785.102410151316
643,-8998.051820510915,-1868.3257960337503,-1825.0898571023429
644,-1722.0055355283898,-1695.8314389325972,-1704.255084403619
645,-1652.6711311521835,-1711.2193573546808,-1613.6980688445544
646,-1691.2473955099465,-1694.1819585048615,-1675.039888865421
647,-1686.9918511432122,-1714.7983410830404,-1743.9865947676583
648,-1693.7661891125056,-1668.0612642698352,-1646.2887459546191
649,-7259.420644032656,-2897.573644765785,-2940.4920633093707
650,-1801.988458968463,-1722.280485674268,-1774.4623187214627
651,-4631.106650665706,-3841.204199617975,-3829.4770569206667
652,-8359.691903870978,-1915.3848131795078,-1929.9324772916668
653,-1786.623165389178,-1808.5574753361645,-1688.9918383722534
654,-1804.9673630538286,-1752.6710854600217,-1744.4591727514407
655,-1654.4509736505952,-1721.9308440783489,-1605.5740755794081
656,-1655.9301235676594,-1670.9693412227514,-1725.1740601839535
657,-1694.5984416015638,-1725.0283381884028,-1701.2956408401149
658,-1707.0041986974727,-1786.381163889913,-1665.3929373416188
659,-1696.7973906800348,-1720.4596567208782,-1702.8844117060446
660,-1702.057664042821,-1692.2601098233292,-1668.092280567989
661,-1674.2782972982213,-1694.5391368365952,-1649.2418403533343
662,-1761.8665993553109,-1723.8334577748692,-1797.3078247302885
663,-1676.200490754132,-1793.9825030119205,-1723.8809735733419
664,-1722.740891598102,-1663.8103303842245,-1737.395187091805
665,-7098.3081810908125,-1686.318227512147,-1789.413773270524
666,-6821.550145588217,-1710.2075916928304,-1669.6168815590818
667,-1723.1547539421974,-1737.0503204271379,-1689.5880992351326
668,-1677.738276572458,-1641.77003672598,-1676.9600026273963
669,-1732.829800599428,-1693.3015630677423,-3773.813395834384
670,-1760.2788977410357,-1734.1980786367747,-1731.16211689429
671,-1718.7447570079541,-1718.0612382736963,-1712.1493079671932
672,-1761.7109498199923,-1707.8449620333247,-1686.9545576075802
673,-1661.2543835283134,-1747.9111788988102,-1725.7029587833324
674,-9522.13087557468,-1702.4350717190755,-1735.6887038897728
675,-6343.039426802216,-1853.715233717798,-1736.817599391011
676,-1823.9451103004662,-1859.1521654197084,-1880.021038022376
677,-1721.4374453568462,-3969.4166685514533,-1727.521418880478
678,-1706.6242258219277,-1674.3415411987044,-1700.2315600275642
679,-1698.4806684257223,-1684.5302267752948,-1696.0393005645037
680,-1681.3763999535404,-1688.9964957364975,-1704.3055283879755
681,-1659.0806597688106,-1753.163738038684,-1679.4788925636014
682,-1696.7753768471396,-1703.0855667275582,-1723.3494012319165
683,-1601.6729255562886,-1683.0339709864763,-1749.2263406456836
684,-1671.682530713316,-1710.2803916359242,-1686.1186028335392
685,-1661.198474428149,-1681.7380283570183,-1642.8270170303938
686,-1705.7054939725376,-1630.735025434566,-1648.0055755504975
687,-1745.5403814953286,-1629.7879175299247,-1679.0248514740765
688,-1665.0288207383906,-1673.8489570457932,-1739.7982718018172
689,-1686.2293887501928,-1722.2930216918508,-1749.9216125947721
690,-1719.8715688171387,-1763.082253170814,-1691.4185169669545
691,-1628.2194614753491,-1820.0907456247317,-1873.6082520419588
692,-1762.8104090651025,-1758.062126190909,-1745.9820561919482
693,-1719.3197373227572,-1779.716554113553,-3850.7293972625143
694,-1728.6458506476292,-1721.4758796330552,-1823.0700426736794
695,-1730.4099205313023,-1762.8928518434204,-1723.2752166737253
696,-1698.4189931901333,-1800.7761429644959,-1707.1641573909592
697,-1784.3549226814116,-1763.0044456840164,-1754.967027732075
698,-1764.1676786014195,-1732.7558570180713,-1585.3550043107946
699,-4997.653871223436,-1682.9099675239102,-1768.6428087399913
700,-1625.8838792658237,-1678.739090164926,-1683.769337983544
701,-1643.705792110514,-1771.6443129191803,-1683.3443094318045
702,-1639.1949449115784,-1656.931093964588,-1738.9677849189188
703,-1638.133510093629,-1713.5301118136179,-1759.1703119157833
704,-1740.4426769791578,-1777.2743737655046,-1742.130718247571
705,-1793.5007931944865,-1679.5825578327037,-1721.1935268314096
706,-1749.7056864191568,-1744.5217831461969,-1711.0163363408874
707,-1721.8674383178054,-1818.7280134543107,-1820.0914505223816
708,-1790.4930752669557,-1792.2112498301017,-1804.8576969211433
709,-1820.7521420380735,-1828.0523404103558,-1820.4554177704917
710,-1715.0433684050647,-1684.414780933871,-1651.472869891674
711,-1605.6133539067039,-1672.6936247022957,-1696.7967927558466
712,-1730.3108030592791,-1778.606099851456,-1748.7874904238688
713,-1745.0546147668776,-1876.958408487847,-1864.505814341126
714,-1715.644040545297,-1688.968363481805,-1736.885507536433
715,-1688.124227356873,-1697.0740955332892,-1774.3228214342807
716,-1702.6323698030906,-1775.3887936711428,-1773.723546472159
717,-1739.4379753068688,-1772.2333869768493,-1717.9962483454553
718,-1710.9709979108882,-2088.493963283948,-1708.3468456230971
719,-1723.456037273112,-1701.5281512273737,-1727.439440238014
720,-1797.847785571871,-1771.3533559636683,-1727.7239305249266
721,-1739.448564671629,-1788.3871845869958,-1802.4330615828003
722,-1809.5679941383696,-1727.8151734161042,-1782.6665966078738
723,-3924.571513912251,-1712.5454267791363,-1706.990187905103
724,-1761.979267563411,-1769.8411458133346,-1761.8476205442603
725,-1808.6030303345206,-1692.3724749752532,-1826.0785661609589
726,-1879.2681180582608,-1810.721345352065,-1800.8284158400556
727,-1748.3169474227223,-1796.090838814135,-1750.912661337127
728,-1844.3637325257675,-1808.0972616224085,-1902.8622517576648
729,-1698.5471172464124,-1794.7579428225906,-1786.2671894022506
730,-1786.5745846618522,-1755.2007207124427,-1790.525391660975
731,-1849.7701965730823,-1718.568122615309,-1766.045092681571
732,-1747.4818318066082,-1661.92453600099,-1666.8180980229727
733,-1708.104782839433,-1682.7811707991677,-1739.360317472512
734,-1757.5067892944105,-1687.7897742009743,-1659.0439195933814
735,-1679.2662637347953,-1675.4664304240098,-1700.0736565925447
736,-1655.7887197452155,-1733.790157957873,-1643.6182432067683
737,-1708.5309979374683,-1752.4259528185814,-1730.7442494187965
738,-1607.487837441074,-1653.4444260777461,-1608.2599430951452
739,-1737.2294211589597,-1599.6846722648102,-1606.89325775362
740,-1664.624929232531,-4530.60581362128,-1711.471140646059
741,-1706.3525314860528,-1754.269132047227,-1687.3398498089407
742,-1740.3493243989394,-1748.578639352553,-1658.1877796651825
743,-1653.446179707288,-1697.8778520098617,-1780.574710477354
744,-1691.5769691143341,-1591.3611044786173,-1668.3013341524575
745,-1629.0314644574605,-1766.0076550360307,-1815.619250883477
746,-7460.387787056894,-1767.4239467252019,-1764.45616597365
747,-1726.9666311788285,-1768.5195932784195,-1808.5560456255766
748,-1713.2831846604463,-1730.747567660073,-1692.025141728521
749,-7571.133890594376,-1734.6914507452275,-1705.0808987795788
750,-8751.742085185537,-8599.525636153876,-8872.864079939252
751,-1744.182663325805,-1728.4852365617826,-1729.2140808810677
752,-1649.0747915408974,-1639.774836119864,-1680.7741519133929
753,-1727.050481161263,-1684.097579432116,-1707.3756289249982
754,-1742.2772606332833,-1775.9044003443232,-7315.554367794001
755,-1768.531252546847,-1789.491754590446,-1851.9076430711857
756,-1793.702449997719,-1775.7550659535539,-1711.1640812218604
757,-1853.1075940342573,-1787.574266101118,-1808.6937930374945
758,-1698.2132874444176,-1774.402028037549,-1744.7804543182963
759,-1719.3453528270175,-1704.3505371995257,-1718.4056923325563
760,-1707.4298933764162,-1663.9568779101576,-1726.5815445727862
761,-1610.384990994265,-1721.6321059966342,-1704.3463965418066
762,-1782.5409304703585,-1761.9587274348632,-1735.0267354843302
763,-1682.4292404473606,-1662.2495978037375,-1714.169175084731
764,-1830.844614099367,-1713.003863647948,-1769.3670454811763
765,-1755.7444218900703,-1837.092257010712,-1808.152329343127
766,-1767.2636633843351,-1799.4440810266385,-1781.175161589916
767,-1738.2174176180756,-1727.6938484022526,-1764.3862674758634
768,-1699.8817966354445,-1726.4061618170049,-1704.6987848924068
769,-1653.5556961731265,-1775.1059350386404,-1693.6043505167388
770,-9189.110569099912,-1680.5880647214751,-1736.4715689492396
771,-1807.7938525509903,-1845.8716548205446,-1807.186006174097
772,-1766.4349910620858,-1710.5206591529895,-1713.9761470632584
773,-1764.0446235741404,-1715.5588012475152,-1691.6738869830003
774,-1741.3210165675653,-1692.122577530651,-1656.21867718177
775,-1686.1731656029156,-1759.0556542707725,-1846.8593440959175
776,-1829.1762355399396,-1791.4665540255696,-1759.7473883349435
777,-1706.773263325257,-1716.8125667591319,-1725.9371111315002
778,-1666.915718609286,-1730.2911485910072,-1600.4782884513902
779,-1765.0296689977145,-1809.5080690058771,-1675.4166968396032
780,-1731.1022389161562,-1718.1777145103106,-1749.2446645966684
781,-1816.535908204667,-1776.9139340177449,-1807.5175911965125
782,-1799.8073703567363,-1777.4797119051634,-1886.7457505716495
783,-1786.1500989946428,-1693.555575108807,-1790.8304540268148
784,-1814.1676184955961,-1825.5208783087317,-1834.5654109503282
785,-1732.3371555204135,-1749.3146811722645,-1808.6220630908867
786,-1720.3494759291586,-1727.1839860215262,-1757.0128729481594
787,-1712.6816728426236,-1744.8195177263203,-1702.2220700540042
788,-1680.8460466762326,-1715.2991140491654,-1724.5422258207163
789,-1651.8881152679967,-1681.6217018539146,-1662.7724901846032
790,-1683.0533075739793,-6652.090251722605,-1676.4553084623735
791,-1678.1130011029509,-1675.4572325644142,-1688.0805041900403
792,-1681.4585297177503,-1629.5257830555597,-1682.8621496755175
793,-1614.0694692466782,-1681.945845355414,-1791.9658453145682
794,-1758.9885544050992,-1747.3316904783544,-1782.3099792279702
795,-1837.0289814355078,-1828.1267001802419,-1747.9421246848922
796,-1749.1580437673827,-1777.720230382236,-1807.799291348966
797,-1713.6507161913632,-1689.61716748058,-1724.158209048063
798,-1716.5929667491707,-1733.3086351789202,-1852.9605390409417
799,-1738.169147661008,-1615.0723198395533,-1700.2184735624094
800,-1667.2339233348737,-1737.148791474905,-1682.8419837663016
801,-1740.1541398597674,-1817.428986040007,-1718.984749008852
802,-1787.6535880267988,-1730.0706249617685,-1833.6428357212517
803,-1760.630391273149,-1701.6148480347172,-1679.6201553290755
804,-1764.467084516406,-1715.2190673390576,-1792.458118478541
805,-1768.2358384076356,-1742.4049536258003,-1679.41548872249
806,-1713.551266944965,-1705.7808780730447,-1701.4028104112597
807,-1631.6759985651947,-1636.7503950434536,-1665.8814326371405
808,-1644.3955600734653,-1687.736236913145,-1621.692972453746
809,-1685.8820698135064,-2553.0725718032427,-1638.957177349493
810,-1610.6572889461293,-1725.3499761713351,-1643.6055024741017
811,-1672.0344359406158,-1677.9380063710146,-1676.9899641080822
812,-1710.0695093378868,-2758.167089585433,-1713.6067991202897
813,-1744.8963653168373,-1727.4222919232536,-1753.6472262201328
814,-1683.8530901385993,-1799.9186083342659,-1664.8192979557589
815,-1593.092782454546,-1703.8405738741149,-1682.6902754356465
816,-1683.9602209801876,-2575.375714531214,-1676.0842749982444
817,-6440.678787207356,-1755.8837627470703,-5832.574407264852
818,-1597.0203444236017,-1680.5110126082025,-1614.641097763928
819,-1659.3881693283515,-1734.1177843644189,-1677.9243945444832
820,-1661.4003703914725,-1690.0996027143065,-1689.9290812130957
821,-1829.1459741534686,-1826.362248300464,-3777.204230760997
822,-1786.8255365516575,-1755.423546652708,-1788.9470510004837
823,-1796.2129191560896,-1803.1397681351298,-1764.079505265897
824,-1766.7406579948913,-1748.9095912132145,-1772.391647262988
825,-1732.0261558375307,-1725.676505615339,-1635.7759900359001
826,-1698.8877956302333,-1703.9197557137268,-1669.110549429474
827,-1640.1783247026963,-1684.359317213755,-1662.1214831818481
828,-1731.440909757594,-1721.6547939466977,-1662.5957273094643
829,-1739.58555671472,-1770.406333164693,-1712.1646227694932
830,-1709.5377180823023,-1617.2939757684187,-1723.837782592067
831,-1730.381632386438,-1694.9259681451479,-1624.8023475115713
832,-1677.0793254808957,-1642.5695815664021,-1691.5943673583272
833,-1809.8236896720398,-1681.2850039806387,-1719.5552805126638
834,-1847.3766652455577,-1827.8162072134248,-1800.9421652236692
835,-1787.3166514390246,-1703.3699749866787,-1733.279381219506
836,-1733.758662017789,-1746.5756679286824,-1696.997371706652
837,-1708.9110056583113,-1790.0685647064893,-1743.9274994016544
838,-1783.1873622774463,-1862.4881659322289,-1725.260609614684
839,-1855.5756069941613,-1761.8980043854149,-1795.0481621480315
840,-1815.3994827528554,-1782.0471849768971,-1764.6370663534105
841,-1694.6580426980331,-1742.525194689599,-1736.0256390203108
842,-1772.7033670812086,-1765.5615323531342,-1610.9727432544032
843,-1805.7899480583735,-1743.053779817632,-1731.1734324228062
844,-1701.2824242998145,-1685.3464495872302,-1754.610337416674
845,-1728.2339536289198,-1759.4806180440532,-1784.5782622894615
846,-1641.252218838948,-1624.428651351436,-1739.1068003963167
847,-1752.7314454836958,-1749.6084265659688,-1714.2232665418396
848,-1765.0879993269868,-1703.6671945683913,-1719.1899721881011
849,-1703.824735933444,-1803.5857854648327,-1739.137862687088
850,-1758.4363529559118,-1773.330506536893,-1748.3504408749318
851,-1817.0585832651607,-1888.7352700846411,-1808.6442114716685
852,-1741.3715738289575,-1808.5380052306737,-1767.4048237634033
853,-1728.6435198741408,-1744.8032733987693,-1794.3066781915409
854,-1681.456544009761,-1693.914919823333,-1765.3573134367898
855,-1659.334262782111,-1688.232784554454,-1705.0449279378095
856,-1703.9602622883297,-1616.7225295047435,-1673.1315400822518
857,-1694.7843755838771,-1623.0603990540571,-1722.048140978451
858,-1710.0205624454156,-1748.2096985098094,-1688.2762315875361
859,-1704.5614195285223,-1705.741698006093,-1692.340955699508
860,-1637.011413267858,-1652.5687018621124,-1669.5217378801126
861,-1728.7508401788073,-1773.443111508833,-1712.6128032977765
862,-1640.5944731290156,-1724.1072221958996,-1711.5946521174783
863,-1651.944084679847,-1712.2207861083841,-1639.318730189358
864,-1756.3913785356324,-1746.3947453332412,-1772.49011765014
865,-1909.4779686433578,-1904.1308205879757,-1844.9687694106767
866,-1891.7926257194438,-1720.8951559761224,-1816.981299670635
867,-1669.5380561540867,-1665.8482236376465,-1753.127447813974
868,-1645.3211224132365,-1708.7249797533532,-1665.5738003026038
869,-1690.4459042799037,-1692.5020576721702,-1680.7918474537792
870,-1629.744129561041,-1697.8809842225198,-1773.8106001400743
871,-1698.2313970651353,-1762.3719181446145,-1644.2762759174345
872,-1786.6202125020272,-1803.4282728801481,-1726.341341792284
873,-1704.2491494719354,-1743.4571385922977,-1730.5705880027745
874,-1681.3407039755275,-1683.5820557346415,-1709.6867168434735
875,-1676.1853934275125,-1673.5085479040374,-1748.71942198761
876,-1838.321134660034,-1738.2078040726853,-1776.1891798107833
877,-1677.570660292125,-1791.4457437946908,-1664.2845560720486
878,-1834.3569591567446,-1738.7452395933633,-1736.4044841440777
879,-5944.847711183017,-1679.2729351349965,-1801.2028852496742
880,-1740.8478773747336,-1671.6569737542927,-1751.8021827127557
881,-1723.2732327987178,-1703.2668342404565,-1693.3629343784553
882,-1822.5914218870719,-1723.0185236144102,-1688.8807261828783
883,-1681.1419893914438,-1724.9879110853242,-1683.288050825821
884,-1668.138677107506,-1686.7863837799405,-1686.3406649162139
885,-1660.532504436108,-1673.3306549164597,-1710.358533931201
886,-1812.0995346507634,-1687.56722836188,-1721.41740564069
887,-1740.028379972566,-1737.9747690764113,-1858.0299385377514
888,-1733.2073333770886,-1802.9227497694546,-1767.6778141280402
889,-1646.1670685155914,-1662.6706301545444,-1743.4328860254143
890,-1730.803013883758,-1628.6916701571674,-1673.6566518283928
891,-1674.637741827528,-1653.1090829726206,-1726.318763188427
892,-1642.2434833177952,-1762.0379378041544,-1675.5284377723158
893,-1666.3923190285695,-1682.1346670628411,-1696.4952952431477
894,-1677.3236340671397,-1674.6446250054803,-1671.8625651311131
895,-1659.6252117723966,-1700.3112613142616,-1646.3599606599334
896,-1667.5479282377294,-1692.6277247303572,-1720.9424616908714
897,-1660.795974438574,-1625.3372421117942,-1660.367959548296
898,-1679.0111496057943,-2364.8366342063637,-1693.6027360910434
899,-1687.645676083522,-1637.3417440571914,-1612.6824970285595
900,-1642.5458806172946,-1661.5400263615782,-1681.2406099772236
901,-1667.6628775293234,-1552.3143418838724,-1616.188989513557
902,-1639.637380721155,-1692.784174917371,-1641.3557673432535
903,-1646.4668578145788,-1762.158888909677,-1823.3479396915177
904,-1705.974122032977,-1691.5494090927862,-1741.6571069917386
905,-1688.61559478642,-1660.1849785329505,-1698.9238803939115
906,-1607.2681030086364,-2013.7374517325836,-1723.5564956757637
907,-1639.0354077790812,-1633.5490857803647,-1692.4534863723661
908,-1676.9322327908435,-1706.6974763462738,-1718.9952650794055
909,-1629.0573469359172,-1610.9986499511401,-1675.1122800534092
910,-1695.3084920166207,-1579.1974842458676,-1717.728886460865
911,-1699.9220754256155,-1649.3169059334887,-1682.681455515129
912,-1765.3238578803232,-1611.8224136894007,-1704.726901442097
913,-1668.4972942358932,-1744.827728151052,-1675.509013837227
914,-1702.34532268084,-1714.898687490556,-1746.4894823210689
915,-1662.5905055698447,-1576.8937820021965,-1689.2909165677688
916,-1664.3654857583037,-2221.9044873992457,-1646.9636337505292
917,-1703.2815810793013,-8072.447891618674,-1655.1564935856409
918,-1715.078800895806,-6380.223929232311,-2894.74681740051
919,-1800.0451531614283,-1674.936266601984,-1739.2060623111956
920,-1672.4697439571135,-1681.808268875079,-1811.842283893191
921,-1664.641692630574,-1633.6943737876923,-1748.5793769849263
922,-7199.609303385779,-1797.7569396547992,-1641.6939857970617
923,-1706.5152228643958,-1735.1408942623045,-1662.3433700243713
924,-1692.190483723442,-8440.376427569214,-1652.2569580063368
925,-1763.9497455106603,-1663.3821444050577,-1708.7627525115743
926,-1688.1434319636992,-1675.8218779216777,-1688.0748450399592
927,-1710.239610895109,-1670.4507645018757,-1638.632472240196
928,-2355.1881257651794,-1639.011434656553,-1682.4361959614796
929,-1613.9234553041927,-1750.2304592652547,-1742.1842926446077
930,-1719.2096299183918,-1655.8708734707877,-1791.1885200358681
931,-1796.1030945291202,-1810.5940131834877,-1751.6519605267088
932,-1862.2992186603065,-1897.7853500606502,-1836.8226066376099
933,-1799.6416791232389,-1723.4149937165848,-1754.8177691633991
934,-1773.6521564840643,-1698.6501674997357,-1764.7881005419379
935,-1688.7181605697324,-1749.4342977302554,-1727.7740095081876
936,-1686.5298235107161,-1722.7545870512042,-1682.6098155454843
937,-1704.5091215848786,-1662.2509482405778,-1657.5240204325805
938,-1749.3191642782276,-1728.0478581452658,-1722.6014576909618
939,-1734.460488119141,-1722.1350466954405,-1716.3087693477335
940,-1654.003691020796,-1765.5550286739006,-1741.3459566735744
941,-1753.9508798684803,-1850.667738419727,-1650.3264607841436
942,-1882.94078957203,-1771.3137447376978,-1872.5305142446016
943,-1733.5815993986146,-1827.9514180378553,-1849.2935807887598
944,-1762.2946092653197,-1694.400294334654,-1706.7869517433082
945,-1671.477111476348,-1702.853257030005,-1762.3860858041285
946,-1767.954262280098,-1736.2135086037651,-1867.7044824581221
947,-1821.986745157413,-1846.7112456121106,-1739.9026256934612
948,-1807.406185365343,-1724.2680655271463,-1805.0934403627366
949,-1739.8413808703601,-5523.901317544736,-1731.8457134525597
950,-1790.4559857748736,-1770.4505106333024,-1710.7082047195079
951,-1794.9441269334782,-1747.2021386377703,-1689.2836846936455
952,-1725.0550054463754,-1668.1478449948302,-1692.0268292340832
953,-1722.4869365231034,-1790.3983531635952,-1695.758757083139
954,-1715.7249791467793,-1716.1912761868866,-1715.506091649757
955,-1688.2954515731508,-1686.2583281726113,-1591.9356950902193
956,-1687.6389871532,-1683.3046939564258,-1714.617684213928
957,-1640.8701504926703,-1652.343099451273,-1643.7415404906935
958,-1733.2678325146228,-1666.3619436787042,-4020.5338303079707
959,-1678.4917930749539,-1690.9624008916392,-1723.8635837567385
960,-1670.2240205672754,-1637.1897181970714,-1649.826390168297
961,-1675.2447444416425,-1676.6870823800773,-1765.6470294771584
962,-1844.7827984140895,-1795.0571263665272,-1773.3103245356263
963,-1703.4044213157435,-1691.8647660775657,-1762.4747784222318
964,-1788.9965817922755,-1712.7258298219053,-1689.6837835174383
965,-1817.098373160394,-1964.4648860172333,-1783.8089778161966
966,-1755.3749207574713,-1813.7743930467195,-1862.1419316773336
967,-1698.4884080130216,-1652.0399454800047,-1645.0911773249754
968,-1704.3638908590704,-1745.8794353635685,-1717.2104485351265
969,-1679.907683492567,-1663.9885824902826,-1711.9800062834315
970,-1699.32042604159,-1769.9889295339508,-1710.1018255443714
971,-1710.7747527912113,-1725.4887332483677,-1771.9630490305217
972,-1657.658408070217,-1717.9490277915056,-1709.9010130300608
973,-1774.100626201959,-7810.764921107746,-1748.7803577822701
974,-1793.4455300080808,-1730.826786720322,-1770.6400175034914
975,-1665.5061005289774,-1771.3593002857785,-1783.9482472992684
976,-1847.0053435211034,-1825.9942386341972,-1788.2086237757223
977,-1804.5837049286772,-1693.80721982245,-1667.2244604753687
978,-1751.4524869131715,-1764.107274058335,-1796.601728012213
979,-1867.026527382668,-1811.1841845616877,-1860.7265460702677
980,-1789.4102227923634,-1755.4813011350757,-1693.8083032018806
981,-1823.4538426976674,-1830.4055916129682,-1824.900009115252
982,-1749.639916542682,-1829.0062936238064,-1850.2237446578665
983,-1783.016882318863,-1745.9117381523324,-1690.7537586263106
984,-1866.5083369215185,-1772.28961451005,-5026.612171143456
985,-1865.9661501027615,-1811.2430575264673,-1707.638813245853
986,-1815.0532131681416,-1815.3279250740302,-1840.7924728488097
987,-1815.898192754256,-1712.6105351509323,-1770.2792887761934
988,-1761.1722300887038,-1727.3685254829381,-1724.4157667883467
989,-1812.7048342648386,-1703.186786997448,-1815.684322076843
990,-1696.3620904937934,-1778.7361398826806,-1699.7945861447856
991,-1730.0124761833226,-1779.5210843460484,-1794.0012238158272
992,-1693.7082983682085,-1753.9019506337218,-1681.6797220793026
993,-1867.3712219922118,-1774.8815819004867,-1730.1982661596044
994,-1793.6275668695446,-1749.1263454111747,-1773.2553541757322
995,-1792.6193512883206,-1781.5126403793258,-1783.7653916426248
996,-1759.0974043326278,-1786.417696917359,-1680.3444298292852
997,-1694.383705844756,-1786.8808745450199,-1814.9779549936711
998,-1762.1805178049344,-1754.912021486757,-1856.4826110888825
999,-1758.4277330677298,-1727.0785323347066,-1735.2815794409544
